{
	"easycom": {
		"^u-(.*)": "@/uview-ui/components/u-$1/u-$1.vue"
	},
	"pages": [ //pages数组中第一项表示应用启动页，参考：https://uniapp.dcloud.io/collocation/pages
		{
			"path": "pages/login/login",
			"style": {
				"navigationBarTitleText": "",
				"enablePullDownRefresh": false,
				"navigationStyle": "custom",
				"app-plus": {
					"bounce": "none"
				}
			}
		}, {
			"path": "pages/register/register",
			"style": {
				"navigationBarTitleText": "新司机注册",
				"enablePullDownRefresh": false,
				"navigationStyle": "custom",
				"app-plus": {
					"bounce": "none"
				},
				"backgroundColor": "#EEF0F6"
			}
		}, {
			"path": "pages/workbench/workbench",
			"style": {
				"navigationBarTitleText": "工作台",
				"enablePullDownRefresh": false
			}
		}, {
			"path": "pages/order_list/order_list",
			"style": {
				"navigationBarTitleText": "我的订单",
				"enablePullDownRefresh": false
			}
		}, {
			"path": "pages/message_list/message_list",
			"style": {
				"navigationBarTitleText": "系统消息",
				"enablePullDownRefresh": false
			}
		}, {
			"path": "pages/mine/mine",
			"style": {
				"navigationBarTitleText": "个人中心",
				"enablePullDownRefresh": false
			}
		}, {
			"path": "pages/message/message",
			"style": {
				"navigationBarTitleText": "系统消息",
				"enablePullDownRefresh": false
			}

		}
		, {
			"path": "pages/heat_chart/heat_chart",
			"style": {
				"navigationBarTitleText": "接单热点地区",
				"enablePullDownRefresh": false
			}

		}
	],
	"tabBar": {
		"color": "#444",
		"selectedColor": "#1297DB",
		"list": [{
				"text": "工作台",
				"pagePath": "pages/workbench/workbench",
				"iconPath": "static/tab_bar/workbench_1.png",
				"selectedIconPath": "static/tab_bar/workbench_2.png"
			},
			{
				"text": "我的订单",
				"pagePath": "pages/order_list/order_list",
				"iconPath": "static/tab_bar/order_1.png",
				"selectedIconPath": "static/tab_bar/order_2.png"
			},
			{
				"text": "消息中心",
				"pagePath": "pages/message_list/message_list",
				"iconPath": "static/tab_bar/message_1.png",
				"selectedIconPath": "static/tab_bar/message_2.png"
			},
			{
				"text": "个人中心",
				"pagePath": "pages/mine/mine",
				"iconPath": "static/tab_bar/people_1.png",
				"selectedIconPath": "static/tab_bar/people_2.png"
			}
		]
	},
	"globalStyle": {
		"navigationBarTextStyle": "white",
		"navigationBarTitleText": "华夏代驾",
		"navigationBarBackgroundColor": "#2074FD",
		"backgroundColor": "#FFFFFF"
	},
	"subPackages": [{
			"root": "identity",
			"pages": [{
					"path": "filling/filling",
					"style": {
						"navigationBarTitleText": "实名登记",
						"enablePullDownRefresh": false,
						"usingComponents": {
							"ocr-navigator": "plugin://ocr-plugin/ocr-navigator"
						}
					}
				}, {
					"path": "identity_camera/identity_camera",
					"style": {
						"navigationBarTitleText": "证件拍照",
						"enablePullDownRefresh": false
					}
				},
				{
					"path": "face_camera/face_camera",
					"style": {
						"navigationBarTitleText": "人脸识别",
						"enablePullDownRefresh": false
					}
				}
			]
		},
		{
			"root": "user",
			"pages": [{
				"path": "account/account",
				"style": {
					"navigationBarTitleText": "账号与安全",
					"enablePullDownRefresh": false
				}
			}, {
				"path": "settings/settings",
				"style": {
					"navigationBarTitleText": "接单设置",
					"enablePullDownRefresh": false
				}
			}, {
				"path": "fine_list/fine_list",
				"style": {
					"navigationBarTitleText": "罚款列表",
					"enablePullDownRefresh": false
				}

			}]
		},
		{
			"root": "rule",
			"pages": [{
					"path": "bill_rule/bill_rule",
					"style": {
						"navigationBarTitleText": "计费规则",
						"enablePullDownRefresh": false
					}
				}, {
					"path": "user_rule/user_rule",
					"style": {
						"navigationBarTitleText": "用户规则",
						"enablePullDownRefresh": false
					}
				},
				{
					"path": "cancel_rule/cancel_rule",
					"style": {
						"navigationBarTitleText": "取消规则",
						"enablePullDownRefresh": false
					}
				},
				{
					"path": "user_guide/user_guide",
					"style": {
						"navigationBarTitleText": "用户指南",
						"enablePullDownRefresh": false
					}
				}
			]
		},
		{
			"root": "wallet",
			"pages": [{
				"path": "recharge/recharge",
				"style": {
					"navigationBarTitleText": "钱包充值",
					"enablePullDownRefresh": false
				}

			}, {
				"path": "wallet/wallet",
				"style": {
					"navigationBarTitleText": "我的钱包",
					"enablePullDownRefresh": false
				}

			}]
		},
		{
			"root": "execution",
			"pages": [{
				"path": "move/move",
				"style": {
					"navigationBarTitleText": "司乘同显",
					"enablePullDownRefresh": false
				}

			}]
		},
		{
			"root": "order",
			"pages": [{
				"path": "order/order",
				"style": {
					"navigationBarTitleText": "订单详情",
					"enablePullDownRefresh": false
				}

			}, {
				"path": "enter_fee/enter_fee",
				"style": {
					"navigationBarTitleText": "输入相关费用",
					"enablePullDownRefresh": false
				}

			}, {
				"path": "order_bill/order_bill",
				"style": {
					"navigationBarTitleText": "订单费用",
					"enablePullDownRefresh": false
				}

			}, {
				"path": "waiting_payment/waiting_payment",
				"style": {
					"navigationBarTitleText": "等待客户付款",
					"enablePullDownRefresh": false
				}

			}]
		}
	]


}
